par_name,par_val_conv
a1,2523829.36
b1,0.98
a2,2004748.92
b2,1
a3,4786300.923566978
b3,1.02
a4,3.6303629945115534
b4,0.648
a5,2.8929672383118086
b5,0.735
a6,0.28799931674436674
b6,0.95
a7,32
a8,0.0033
a9,0.0058
b7,0.6599999999999999
b8,-1
b9,2.5
b10,0.49
a10,11.3
b11,0.72
a11,0.116
a12,1.884
b12,-0.36
a13,1.1
a14,1.2
v_0_fly,30.54
v_0_run,0.28
v_0_swim,0.39
c,0.27
k,0.033
d,0.24
